Anthe,Wigfield
Pauly,Natwick
Sully,Keyden
Marve,Spragg
Guido,Baldinotti
Elvera,Rabat
Phedra,Wales
Sandra,Dumphy
Myra,Egginton
Fran,Camilio
Patsy,Ragborne
Kermy,Elson
Breanne,Gamlyn
Bambi,Pund
Warren,Peartree
Dicky,Behnen
Valdemar,Bartlam
Clementine,Barsam
Connie,Barneville
Estrella,Tarte
Teresita,Iveson
Amie,Gerger
Claudio,Davidov
Matthaeus,Barkway
Melantha,Dobney
Phylis,Kerwen
Harlin,Trethowan
Shayne,Rawne
Tim,Eagar
Guss,Kemble
Rolando,Jorcke
Vincenty,Petroselli
Dion,Jeffries
Dorelle,Immins
Jemimah,Braganca
Pablo,Shoppee
Sven,Lidgely
Arabele,Lisle
Erena,Callery
Roland,Navein
Babita,Ianno
Jeanelle,Dunn
Alison,Nehl
Dahlia,Maria
Andros,Babbage
Josias,Exter
Doroteya,Buckler
Ingelbert,Mathon
Hall,Shaughnessy
Virginie,Whittlesey